training_idx,model_name,optimizer_args,loss_args,data_set_info,best_results,date_time,training_time_seconds,training_time,n_epochs
0,Conv-1.0-64x64,"{'name': 'Adam', 'learning_rate': 0.001, 'decay': 0.0, 'beta_1': 0.9, 'beta_2': 0.999, 'epsilon': 1e-07, 'amsgrad': False}","{'reduction': 'auto', 'name': 'L3SSIM', '_allow_sum_over_batch_size': True, '_name_scope': 'L3SSIM', 'max_val': 255, 'filter_size': 11, 'filter_sigma': 1.5, 'k1': 0.01, 'k2': 0.03, 'weight_for_edges': 5, 'weight_for_texture': 1, 'weight_for_smooth': 1, 'threshold_for_edges': 0.12, 'threshold_for_textures': 0.06, 'keep_padding': True}","{'name': 'rafael_cifar_10', 'parameters': {}}","{'loss': 0.22096750697493553, 'ssim_metric': 0.7363651895999909, 'three_ssim': 0.7672663029670715, 'psnrb': 22.362015047454832, 'val_loss': 0.2214731820821762, 'val_ssim_metric': 0.7360979396104813, 'val_three_ssim': 0.766825269818306, 'val_psnrb': 22.355619945526122}",2023-04-21 11:07,339.9074285030365,0:05:39.907429,15
1,Conv-1.1-64x64,"{'name': 'Adam', 'learning_rate': 0.001, 'decay': 0.0, 'beta_1': 0.9, 'beta_2': 0.999, 'epsilon': 1e-07, 'amsgrad': False}","{'reduction': 'auto', 'name': 'L3SSIM', '_allow_sum_over_batch_size': True, '_name_scope': 'L3SSIM', 'max_val': 255, 'filter_size': 11, 'filter_sigma': 1.5, 'k1': 0.01, 'k2': 0.03, 'weight_for_edges': 5, 'weight_for_texture': 1, 'weight_for_smooth': 1, 'threshold_for_edges': 0.12, 'threshold_for_textures': 0.06, 'keep_padding': True}","{'name': 'rafael_cifar_10', 'parameters': {}}","{'loss': 0.1989151703119278, 'ssim_metric': 0.7525066868305206, 'three_ssim': 0.7888509052038193, 'psnrb': 23.166318370056153, 'val_loss': 0.19963458836078643, 'val_ssim_metric': 0.752567311167717, 'val_three_ssim': 0.7886512633562088, 'val_psnrb': 23.193086029052733}",2023-04-21 14:04,391.1544172763825,0:06:31.154417,16
2,AutoEncoder-0.2-64x64,"{'name': 'Adam', 'learning_rate': 0.001, 'decay': 0.0, 'beta_1': 0.9, 'beta_2': 0.999, 'epsilon': 1e-07, 'amsgrad': False}","{'reduction': 'auto', 'name': 'L3SSIM', '_allow_sum_over_batch_size': True, '_name_scope': 'L3SSIM', 'max_val': 255, 'filter_size': 11, 'filter_sigma': 1.5, 'k1': 0.01, 'k2': 0.03, 'weight_for_edges': 3, 'weight_for_texture': 1, 'weight_for_smooth': 1, 'threshold_for_edges': 0.12, 'threshold_for_textures': 0.06, 'keep_padding': True}","{'name': 'rafael_cifar_10', 'parameters': {}}","{'loss': 0.14922087075710297, 'ssim_metric': 0.8188644692897796, 'three_ssim': 0.850778617811203, 'psnrb': 25.645568253326417, 'val_loss': 0.1491098993420601, 'val_ssim_metric': 0.8192543872594833, 'val_three_ssim': 0.8508902438879014, 'val_psnrb': 26.093883953094483}",2023-04-21 14:59,1043.1848978996277,0:17:23.184898,40
3,Conv-3.2-64x64,"{'name': 'Adam', 'learning_rate': 0.001, 'decay': 0.0, 'beta_1': 0.9, 'beta_2': 0.999, 'epsilon': 1e-07, 'amsgrad': False}","{'reduction': 'auto', 'name': 'L3SSIM', '_allow_sum_over_batch_size': True, '_name_scope': 'L3SSIM', 'max_val': 255, 'filter_size': 11, 'filter_sigma': 1.5, 'k1': 0.01, 'k2': 0.03, 'weight_for_edges': 3, 'weight_for_texture': 1, 'weight_for_smooth': 1, 'threshold_for_edges': 0.12, 'threshold_for_textures': 0.06, 'keep_padding': True}","{'name': 'rafael_cifar_10', 'parameters': {}}","{'loss': 0.1546075367629528, 'ssim_metric': 0.8116228906869888, 'three_ssim': 0.8453924259662629, 'psnrb': 25.045238088989258, 'val_loss': 0.15464373585581778, 'val_ssim_metric': 0.8124179711341858, 'val_three_ssim': 0.8453564065694809, 'val_psnrb': 25.49929598236084}",2023-04-21 15:10,659.5884666442871,0:10:59.588467,25
4,Conv-1.1-64x64,"{'name': 'Adam', 'learning_rate': 0.001, 'decay': 0.0, 'beta_1': 0.9, 'beta_2': 0.999, 'epsilon': 1e-07, 'amsgrad': False}","{'reduction': 'auto', 'name': 'L3SSIM', '_allow_sum_over_batch_size': True, '_name_scope': 'L3SSIM', 'max_val': 255, 'filter_size': 11, 'filter_sigma': 1.5, 'k1': 0.01, 'k2': 0.03, 'weight_for_edges': 3, 'weight_for_texture': 1, 'weight_for_smooth': 1, 'threshold_for_edges': 0.12, 'threshold_for_textures': 0.06, 'keep_padding': True}","{'name': 'rafael_cifar_10', 'parameters': {}}","{'loss': 0.20494860045909882, 'ssim_metric': 0.7546257058620452, 'three_ssim': 0.7950516830205917, 'psnrb': 23.188811919403076, 'val_loss': 0.20559583052992822, 'val_ssim_metric': 0.7535704597234726, 'val_three_ssim': 0.7944040627479553, 'val_psnrb': 23.20479239654541}",2023-04-21 15:15,337.6633687019348,0:05:37.663369,14
5,Conv-2.1-64x64,"{'name': 'Adam', 'learning_rate': 0.001, 'decay': 0.0, 'beta_1': 0.9, 'beta_2': 0.999, 'epsilon': 1e-07, 'amsgrad': False}","{'reduction': 'auto', 'name': 'L3SSIM', '_allow_sum_over_batch_size': True, '_name_scope': 'L3SSIM', 'max_val': 255, 'filter_size': 11, 'filter_sigma': 1.5, 'k1': 0.01, 'k2': 0.03, 'weight_for_edges': 3, 'weight_for_texture': 1, 'weight_for_smooth': 1, 'threshold_for_edges': 0.12, 'threshold_for_textures': 0.06, 'keep_padding': True}","{'name': 'rafael_cifar_10', 'parameters': {}}","{'loss': 0.15932998905181886, 'ssim_metric': 0.8068187742948532, 'three_ssim': 0.8406695785284042, 'psnrb': 24.487923741149903, 'val_loss': 0.15949359756708145, 'val_ssim_metric': 0.8072456097602845, 'val_three_ssim': 0.8405065184831619, 'val_psnrb': 25.522109367370607}",2023-04-21 15:31,934.6065452098846,0:15:34.606545,35
6,Conv-3.0-64x64,"{'name': 'Adam', 'learning_rate': 0.001, 'decay': 0.0, 'beta_1': 0.9, 'beta_2': 0.999, 'epsilon': 1e-07, 'amsgrad': False}","{'reduction': 'auto', 'name': 'L3SSIM', '_allow_sum_over_batch_size': True, '_name_scope': 'L3SSIM', 'max_val': 255, 'filter_size': 11, 'filter_sigma': 1.5, 'k1': 0.01, 'k2': 0.03, 'weight_for_edges': 3, 'weight_for_texture': 1, 'weight_for_smooth': 1, 'threshold_for_edges': 0.12, 'threshold_for_textures': 0.06, 'keep_padding': True}","{'name': 'rafael_cifar_10', 'parameters': {}}","{'loss': 0.16446691277623177, 'ssim_metric': 0.7952192516803741, 'three_ssim': 0.8355329725503922, 'psnrb': 24.900265259552, 'val_loss': 0.16485951766371726, 'val_ssim_metric': 0.7948181018829346, 'val_three_ssim': 0.8351404947042466, 'val_psnrb': 25.487405868530274}",2023-04-21 15:41,586.364705324173,0:09:46.364705,23
7,Conv-1.2-64x64,"{'name': 'Adam', 'learning_rate': 0.001, 'decay': 0.0, 'beta_1': 0.9, 'beta_2': 0.999, 'epsilon': 1e-07, 'amsgrad': False}","{'reduction': 'auto', 'name': 'L3SSIM', '_allow_sum_over_batch_size': True, '_name_scope': 'L3SSIM', 'max_val': 255, 'filter_size': 11, 'filter_sigma': 1.5, 'k1': 0.01, 'k2': 0.03, 'weight_for_edges': 3, 'weight_for_texture': 1, 'weight_for_smooth': 1, 'threshold_for_edges': 0.12, 'threshold_for_textures': 0.06, 'keep_padding': True}","{'name': 'rafael_cifar_10', 'parameters': {}}","{'loss': 0.24074230691194534, 'ssim_metric': 0.7518870503187179, 'three_ssim': 0.7592578688144683, 'psnrb': 20.42989072189331, 'val_loss': 0.24159463074803353, 'val_ssim_metric': 0.751423844575882, 'val_three_ssim': 0.7584054223299026, 'val_psnrb': 20.45855497741699}",2023-04-21 15:48,448.5554850101471,0:07:28.555485,19
8,Conv-12.0-64x64,"{'name': 'Adam', 'learning_rate': 0.001, 'decay': 0.0, 'beta_1': 0.9, 'beta_2': 0.999, 'epsilon': 1e-07, 'amsgrad': False}","{'reduction': 'auto', 'name': 'L3SSIM', '_allow_sum_over_batch_size': True, '_name_scope': 'L3SSIM', 'max_val': 255, 'filter_size': 11, 'filter_sigma': 1.5, 'k1': 0.01, 'k2': 0.03, 'weight_for_edges': 3, 'weight_for_texture': 1, 'weight_for_smooth': 1, 'threshold_for_edges': 0.12, 'threshold_for_textures': 0.06, 'keep_padding': True}","{'name': 'rafael_cifar_10', 'parameters': {}}","{'loss': 0.12085921128988265, 'ssim_metric': 0.8534264004707336, 'three_ssim': 0.8791408364534378, 'psnrb': 26.979879179382323, 'val_loss': 0.12187426613271236, 'val_ssim_metric': 0.8526638501882553, 'val_three_ssim': 0.8781258428096771, 'val_psnrb': 27.384913280487062}",2023-04-21 16:40,3092.506230592728,0:51:32.506231,59
9,Conv-1.0-64x64,"{'name': 'Adam', 'learning_rate': 0.001, 'decay': 0.0, 'beta_1': 0.9, 'beta_2': 0.999, 'epsilon': 1e-07, 'amsgrad': False}","{'reduction': 'auto', 'name': 'L3SSIM', '_allow_sum_over_batch_size': True, '_name_scope': 'L3SSIM', 'max_val': 255, 'filter_size': 11, 'filter_sigma': 1.5, 'k1': 0.01, 'k2': 0.03, 'weight_for_edges': 3, 'weight_for_texture': 1, 'weight_for_smooth': 1, 'threshold_for_edges': 0.12, 'threshold_for_textures': 0.06, 'keep_padding': True}","{'name': 'rafael_cifar_10', 'parameters': {}}","{'loss': 0.2265891003370285, 'ssim_metric': 0.7375148432970047, 'three_ssim': 0.7734109654426574, 'psnrb': 22.438461976623536, 'val_loss': 0.22717887023091315, 'val_ssim_metric': 0.7370568062067032, 'val_three_ssim': 0.772820968747139, 'val_psnrb': 22.419900886535643}",2023-04-21 16:51,654.4721443653107,0:10:54.472144,28
10,Conv-1.3-64x64,"{'name': 'Adam', 'learning_rate': 0.001, 'decay': 0.0, 'beta_1': 0.9, 'beta_2': 0.999, 'epsilon': 1e-07, 'amsgrad': False}","{'reduction': 'auto', 'name': 'L3SSIM', '_allow_sum_over_batch_size': True, '_name_scope': 'L3SSIM', 'max_val': 255, 'filter_size': 11, 'filter_sigma': 1.5, 'k1': 0.01, 'k2': 0.03, 'weight_for_edges': 3, 'weight_for_texture': 1, 'weight_for_smooth': 1, 'threshold_for_edges': 0.12, 'threshold_for_textures': 0.06, 'keep_padding': True}","{'name': 'rafael_cifar_10', 'parameters': {}}","{'loss': 0.2091197703719139, 'ssim_metric': 0.7519259526968002, 'three_ssim': 0.7908800307512284, 'psnrb': 22.969615742492675, 'val_loss': 0.2098187407553196, 'val_ssim_metric': 0.7515041732788086, 'val_three_ssim': 0.7901813601255416, 'val_psnrb': 22.995737613677978}",2023-04-21 16:57,357.4189238548279,0:05:57.418924,15
11,AutoEncoder-0.1-64x64,"{'name': 'Adam', 'learning_rate': 0.001, 'decay': 0.0, 'beta_1': 0.9, 'beta_2': 0.999, 'epsilon': 1e-07, 'amsgrad': False}","{'reduction': 'auto', 'name': 'L3SSIM', '_allow_sum_over_batch_size': True, '_name_scope': 'L3SSIM', 'max_val': 255, 'filter_size': 11, 'filter_sigma': 1.5, 'k1': 0.01, 'k2': 0.03, 'weight_for_edges': 3, 'weight_for_texture': 1, 'weight_for_smooth': 1, 'threshold_for_edges': 0.12, 'threshold_for_textures': 0.06, 'keep_padding': True}","{'name': 'rafael_cifar_10', 'parameters': {}}","{'loss': 0.14920901816487311, 'ssim_metric': 0.8184827340126037, 'three_ssim': 0.8507906799077988, 'psnrb': 25.74272681121826, 'val_loss': 0.14932536473870278, 'val_ssim_metric': 0.818212262392044, 'val_three_ssim': 0.8506746938228608, 'val_psnrb': 26.200900463104247}",2023-04-21 17:12,913.086484670639,0:15:13.086485,35
12,Unet2.2-64x64,"{'name': 'Adam', 'learning_rate': 0.001, 'decay': 0.0, 'beta_1': 0.9, 'beta_2': 0.999, 'epsilon': 1e-07, 'amsgrad': False}","{'reduction': 'auto', 'name': 'L3SSIM', '_allow_sum_over_batch_size': True, '_name_scope': 'L3SSIM', 'max_val': 255, 'filter_size': 11, 'filter_sigma': 1.5, 'k1': 0.01, 'k2': 0.03, 'weight_for_edges': 3, 'weight_for_texture': 1, 'weight_for_smooth': 1, 'threshold_for_edges': 0.12, 'threshold_for_textures': 0.06, 'keep_padding': True}","{'name': 'rafael_cifar_10', 'parameters': {}}","{'loss': 0.11564109911918641, 'ssim_metric': 0.8594098966598511, 'three_ssim': 0.8843589141130448, 'psnrb': 26.78322964706421, 'val_loss': 0.11861128747463226, 'val_ssim_metric': 0.85627044069767, 'val_three_ssim': 0.8813888773918152, 'val_psnrb': 27.439924976348877}",2023-04-21 21:03,13880.269692659378,3:51:20.269693,54
13,Conv-5.0-64x64,"{'name': 'Adam', 'learning_rate': 0.001, 'decay': 0.0, 'beta_1': 0.9, 'beta_2': 0.999, 'epsilon': 1e-07, 'amsgrad': False}","{'reduction': 'auto', 'name': 'L3SSIM', '_allow_sum_over_batch_size': True, '_name_scope': 'L3SSIM', 'max_val': 255, 'filter_size': 11, 'filter_sigma': 1.5, 'k1': 0.01, 'k2': 0.03, 'weight_for_edges': 3, 'weight_for_texture': 1, 'weight_for_smooth': 1, 'threshold_for_edges': 0.12, 'threshold_for_textures': 0.06, 'keep_padding': True}","{'name': 'rafael_cifar_10', 'parameters': {}}","{'loss': 0.14076579502224923, 'ssim_metric': 0.8294971395492554, 'three_ssim': 0.8592339483976364, 'psnrb': 26.158389361572265, 'val_loss': 0.1406871086061001, 'val_ssim_metric': 0.830189776301384, 'val_three_ssim': 0.8593127398490906, 'val_psnrb': 26.540585021972657}",2023-04-21 21:27,1403.6261677742004,0:23:23.626168,48
14,Conv-4.0-64x64,"{'name': 'Adam', 'learning_rate': 0.001, 'decay': 0.0, 'beta_1': 0.9, 'beta_2': 0.999, 'epsilon': 1e-07, 'amsgrad': False}","{'reduction': 'auto', 'name': 'L3SSIM', '_allow_sum_over_batch_size': True, '_name_scope': 'L3SSIM', 'max_val': 255, 'filter_size': 11, 'filter_sigma': 1.5, 'k1': 0.01, 'k2': 0.03, 'weight_for_edges': 3, 'weight_for_texture': 1, 'weight_for_smooth': 1, 'threshold_for_edges': 0.12, 'threshold_for_textures': 0.06, 'keep_padding': True}","{'name': 'rafael_cifar_10', 'parameters': {}}","{'loss': 0.15414712358117102, 'ssim_metric': 0.8054814171075821, 'three_ssim': 0.8458532026529312, 'psnrb': 25.859728005981445, 'val_loss': 0.154381415694952, 'val_ssim_metric': 0.8053571490049363, 'val_three_ssim': 0.8456185464859008, 'val_psnrb': 26.299235195159913}",2023-04-21 21:38,657.7546181678772,0:10:57.754618,22
15,AutoEncoder-1.4-64x64,"{'name': 'Adam', 'learning_rate': 0.001, 'decay': 0.0, 'beta_1': 0.9, 'beta_2': 0.999, 'epsilon': 1e-07, 'amsgrad': False}","{'reduction': 'auto', 'name': 'L3SSIM', '_allow_sum_over_batch_size': True, '_name_scope': 'L3SSIM', 'max_val': 255, 'filter_size': 11, 'filter_sigma': 1.5, 'k1': 0.01, 'k2': 0.03, 'weight_for_edges': 3, 'weight_for_texture': 1, 'weight_for_smooth': 1, 'threshold_for_edges': 0.12, 'threshold_for_textures': 0.06, 'keep_padding': True}","{'name': 'rafael_cifar_10', 'parameters': {}}","{'loss': 0.17847173233032226, 'ssim_metric': 0.7826975160598755, 'three_ssim': 0.8215286580562592, 'psnrb': 24.687520539855957, 'val_loss': 0.17872347205877304, 'val_ssim_metric': 0.782623853802681, 'val_three_ssim': 0.821276633143425, 'val_psnrb': 25.002612937927246}",2023-04-21 21:52,824.8512885570526,0:13:44.851289,29
16,AutoEncoder-1.2-64x64,"{'name': 'Adam', 'learning_rate': 0.001, 'decay': 0.0, 'beta_1': 0.9, 'beta_2': 0.999, 'epsilon': 1e-07, 'amsgrad': False}","{'reduction': 'auto', 'name': 'L3SSIM', '_allow_sum_over_batch_size': True, '_name_scope': 'L3SSIM', 'max_val': 255, 'filter_size': 11, 'filter_sigma': 1.5, 'k1': 0.01, 'k2': 0.03, 'weight_for_edges': 3, 'weight_for_texture': 1, 'weight_for_smooth': 1, 'threshold_for_edges': 0.12, 'threshold_for_textures': 0.06, 'keep_padding': True}","{'name': 'rafael_cifar_10', 'parameters': {}}","{'loss': 0.12565646026432514, 'ssim_metric': 0.847832905626297, 'three_ssim': 0.8743432051181793, 'psnrb': 26.72699799118042, 'val_loss': 0.12601518556475638, 'val_ssim_metric': 0.8478950978517532, 'val_three_ssim': 0.8739849141836167, 'val_psnrb': 27.181267166137694}",2023-04-21 22:20,1682.0235550403595,0:28:02.023555,36
17,AutoEncoder-2.1-64x64,"{'name': 'Adam', 'learning_rate': 0.001, 'decay': 0.0, 'beta_1': 0.9, 'beta_2': 0.999, 'epsilon': 1e-07, 'amsgrad': False}","{'reduction': 'auto', 'name': 'L3SSIM', '_allow_sum_over_batch_size': True, '_name_scope': 'L3SSIM', 'max_val': 255, 'filter_size': 11, 'filter_sigma': 1.5, 'k1': 0.01, 'k2': 0.03, 'weight_for_edges': 3, 'weight_for_texture': 1, 'weight_for_smooth': 1, 'threshold_for_edges': 0.12, 'threshold_for_textures': 0.06, 'keep_padding': True}","{'name': 'rafael_cifar_10', 'parameters': {}}","{'loss': 0.11179266509711742, 'ssim_metric': 0.8640954265594483, 'three_ssim': 0.8882074229717255, 'psnrb': 27.028303164672852, 'val_loss': 0.1197667035907507, 'val_ssim_metric': 0.8555399103164673, 'val_three_ssim': 0.8802335418462753, 'val_psnrb': 27.400719367980958}",2023-04-21 23:21,3642.3041338920593,1:00:42.304134,72
18,AutoEncoder-1.1-64x64,"{'name': 'Adam', 'learning_rate': 0.001, 'decay': 0.0, 'beta_1': 0.9, 'beta_2': 0.999, 'epsilon': 1e-07, 'amsgrad': False}","{'reduction': 'auto', 'name': 'L3SSIM', '_allow_sum_over_batch_size': True, '_name_scope': 'L3SSIM', 'max_val': 255, 'filter_size': 11, 'filter_sigma': 1.5, 'k1': 0.01, 'k2': 0.03, 'weight_for_edges': 3, 'weight_for_texture': 1, 'weight_for_smooth': 1, 'threshold_for_edges': 0.12, 'threshold_for_textures': 0.06, 'keep_padding': True}","{'name': 'rafael_cifar_10', 'parameters': {}}","{'loss': 0.1265995963960886, 'ssim_metric': 0.8467910363912582, 'three_ssim': 0.8733999990940094, 'psnrb': 26.720622484588624, 'val_loss': 0.12699369382858278, 'val_ssim_metric': 0.8470119562149048, 'val_three_ssim': 0.873006185054779, 'val_psnrb': 27.07744228744507}",2023-04-21 23:42,1266.406019449234,0:21:06.406019,42
19,AutoEncoder-2.2-64x64,"{'name': 'Adam', 'learning_rate': 0.001, 'decay': 0.0, 'beta_1': 0.9, 'beta_2': 0.999, 'epsilon': 1e-07, 'amsgrad': False}","{'reduction': 'auto', 'name': 'L3SSIM', '_allow_sum_over_batch_size': True, '_name_scope': 'L3SSIM', 'max_val': 255, 'filter_size': 11, 'filter_sigma': 1.5, 'k1': 0.01, 'k2': 0.03, 'weight_for_edges': 3, 'weight_for_texture': 1, 'weight_for_smooth': 1, 'threshold_for_edges': 0.12, 'threshold_for_textures': 0.06, 'keep_padding': True}","{'name': 'rafael_cifar_10', 'parameters': {}}","{'loss': 0.11267242169380189, 'ssim_metric': 0.8630277809143067, 'three_ssim': 0.8873277247428895, 'psnrb': 27.03445404663086, 'val_loss': 0.11901832902431488, 'val_ssim_metric': 0.8565914067029953, 'val_three_ssim': 0.8809816327095031, 'val_psnrb': 27.45944841003418}",2023-04-22 00:39,3414.90025138855,0:56:54.900251,69
20,AutoEncoder-0.0-64x64,"{'name': 'Adam', 'learning_rate': 0.001, 'decay': 0.0, 'beta_1': 0.9, 'beta_2': 0.999, 'epsilon': 1e-07, 'amsgrad': False}","{'reduction': 'auto', 'name': 'L3SSIM', '_allow_sum_over_batch_size': True, '_name_scope': 'L3SSIM', 'max_val': 255, 'filter_size': 11, 'filter_sigma': 1.5, 'k1': 0.01, 'k2': 0.03, 'weight_for_edges': 3, 'weight_for_texture': 1, 'weight_for_smooth': 1, 'threshold_for_edges': 0.12, 'threshold_for_textures': 0.06, 'keep_padding': True}","{'name': 'rafael_cifar_10', 'parameters': {}}","{'loss': 0.16321890659332275, 'ssim_metric': 0.7976084976673127, 'three_ssim': 0.8367809522390366, 'psnrb': 25.4950522567749, 'val_loss': 0.16338816544413567, 'val_ssim_metric': 0.7979807869195938, 'val_three_ssim': 0.8366117235422135, 'val_psnrb': 25.71165089416504}",2023-04-22 09:06,364.5437903404236,0:06:04.543790,15
21,AutoEncoder-0.3-64x64,"{'name': 'Adam', 'learning_rate': 0.001, 'decay': 0.0, 'beta_1': 0.9, 'beta_2': 0.999, 'epsilon': 1e-07, 'amsgrad': False}","{'reduction': 'auto', 'name': 'L3SSIM', '_allow_sum_over_batch_size': True, '_name_scope': 'L3SSIM', 'max_val': 255, 'filter_size': 11, 'filter_sigma': 1.5, 'k1': 0.01, 'k2': 0.03, 'weight_for_edges': 3, 'weight_for_texture': 1, 'weight_for_smooth': 1, 'threshold_for_edges': 0.12, 'threshold_for_textures': 0.06, 'keep_padding': True}","{'name': 'rafael_cifar_10', 'parameters': {}}","{'loss': 0.1402094201207161, 'ssim_metric': 0.8291375005483628, 'three_ssim': 0.8597907134532928, 'psnrb': 26.056542030334473, 'val_loss': 0.1399227505326271, 'val_ssim_metric': 0.8302920452356338, 'val_three_ssim': 0.8600773940086365, 'val_psnrb': 26.6043187789917}",2023-04-22 09:20,828.2245965003967,0:13:48.224597,29
22,AutoEncoder-1.0-64x64,"{'name': 'Adam', 'learning_rate': 0.001, 'decay': 0.0, 'beta_1': 0.9, 'beta_2': 0.999, 'epsilon': 1e-07, 'amsgrad': False}","{'reduction': 'auto', 'name': 'L3SSIM', '_allow_sum_over_batch_size': True, '_name_scope': 'L3SSIM', 'max_val': 255, 'filter_size': 11, 'filter_sigma': 1.5, 'k1': 0.01, 'k2': 0.03, 'weight_for_edges': 3, 'weight_for_texture': 1, 'weight_for_smooth': 1, 'threshold_for_edges': 0.12, 'threshold_for_textures': 0.06, 'keep_padding': True}","{'name': 'rafael_cifar_10', 'parameters': {}}","{'loss': 0.1308976469516754, 'ssim_metric': 0.8417770803213119, 'three_ssim': 0.8691024916410446, 'psnrb': 26.556106890869142, 'val_loss': 0.13097188359498976, 'val_ssim_metric': 0.8419425764083862, 'val_three_ssim': 0.8690280188322067, 'val_psnrb': 26.87629609298706}",2023-04-22 09:47,1606.8073391914368,0:26:46.807339,60
23,AutoEncoder-2.0-64x64,"{'name': 'Adam', 'learning_rate': 0.001, 'decay': 0.0, 'beta_1': 0.9, 'beta_2': 0.999, 'epsilon': 1e-07, 'amsgrad': False}","{'reduction': 'auto', 'name': 'L3SSIM', '_allow_sum_over_batch_size': True, '_name_scope': 'L3SSIM', 'max_val': 255, 'filter_size': 11, 'filter_sigma': 1.5, 'k1': 0.01, 'k2': 0.03, 'weight_for_edges': 3, 'weight_for_texture': 1, 'weight_for_smooth': 1, 'threshold_for_edges': 0.12, 'threshold_for_textures': 0.06, 'keep_padding': True}","{'name': 'rafael_cifar_10', 'parameters': {}}","{'loss': 0.11717634239792823, 'ssim_metric': 0.8578376025676727, 'three_ssim': 0.8828242172956466, 'psnrb': 26.917210083007813, 'val_loss': 0.12056042976677418, 'val_ssim_metric': 0.8545928370952606, 'val_three_ssim': 0.879439753651619, 'val_psnrb': 27.414416774749757}",2023-04-22 10:27,2413.707267522812,0:40:13.707268,65
24,AutoEncoder-2.3-64x64,"{'name': 'Adam', 'learning_rate': 0.001, 'decay': 0.0, 'beta_1': 0.9, 'beta_2': 0.999, 'epsilon': 1e-07, 'amsgrad': False}","{'reduction': 'auto', 'name': 'L3SSIM', '_allow_sum_over_batch_size': True, '_name_scope': 'L3SSIM', 'max_val': 255, 'filter_size': 11, 'filter_sigma': 1.5, 'k1': 0.01, 'k2': 0.03, 'weight_for_edges': 3, 'weight_for_texture': 1, 'weight_for_smooth': 1, 'threshold_for_edges': 0.12, 'threshold_for_textures': 0.06, 'keep_padding': True}","{'name': 'rafael_cifar_10', 'parameters': {}}","{'loss': 0.11545883232355118, 'ssim_metric': 0.8598971791028976, 'three_ssim': 0.8845408898830414, 'psnrb': 26.949862010955812, 'val_loss': 0.11940090940892696, 'val_ssim_metric': 0.8558007522821426, 'val_three_ssim': 0.8805991816520691, 'val_psnrb': 27.295902965545654}",2023-04-22 11:09,2510.8459413051605,0:41:50.845941,50
25,ResidualAutoEncoder-0.0-64x64,"{'name': 'Adam', 'learning_rate': 0.001, 'decay': 0.0, 'beta_1': 0.9, 'beta_2': 0.999, 'epsilon': 1e-07, 'amsgrad': False}","{'reduction': 'auto', 'name': 'L3SSIM', '_allow_sum_over_batch_size': True, '_name_scope': 'L3SSIM', 'max_val': 255, 'filter_size': 11, 'filter_sigma': 1.5, 'k1': 0.01, 'k2': 0.03, 'weight_for_edges': 3, 'weight_for_texture': 1, 'weight_for_smooth': 1, 'threshold_for_edges': 0.12, 'threshold_for_textures': 0.06, 'keep_padding': True}","{'name': 'rafael_cifar_10', 'parameters': {}}","{'loss': 0.13945895808935166, 'ssim_metric': 0.8309565424442291, 'three_ssim': 0.8605412333965301, 'psnrb': 26.17586622543335, 'val_loss': 0.13954369005560874, 'val_ssim_metric': 0.8315288358926773, 'val_three_ssim': 0.8604562871456146, 'val_psnrb': 26.624499198913576}",2023-04-22 11:32,1254.3059422969818,0:20:54.305942,40
26,Conv-8.0-64x64,"{'name': 'Adam', 'learning_rate': 0.001, 'decay': 0.0, 'beta_1': 0.9, 'beta_2': 0.999, 'epsilon': 1e-07, 'amsgrad': False}","{'reduction': 'auto', 'name': 'L3SSIM', '_allow_sum_over_batch_size': True, '_name_scope': 'L3SSIM', 'max_val': 255, 'filter_size': 11, 'filter_sigma': 1.5, 'k1': 0.01, 'k2': 0.03, 'weight_for_edges': 3, 'weight_for_texture': 1, 'weight_for_smooth': 1, 'threshold_for_edges': 0.12, 'threshold_for_textures': 0.06, 'keep_padding': True}","{'name': 'rafael_cifar_10', 'parameters': {}}","{'loss': 0.12993554666638374, 'ssim_metric': 0.8427689464092255, 'three_ssim': 0.8700637896060943, 'psnrb': 26.566389990234374, 'val_loss': 0.130141716837883, 'val_ssim_metric': 0.8430982766151428, 'val_three_ssim': 0.8698580681085587, 'val_psnrb': 27.03157209396362}",2023-04-22 12:17,2705.920447826385,0:45:05.920448,49
27,Conv-2.0-64x64,"{'name': 'Adam', 'learning_rate': 0.001, 'decay': 0.0, 'beta_1': 0.9, 'beta_2': 0.999, 'epsilon': 1e-07, 'amsgrad': False}","{'reduction': 'auto', 'name': 'L3SSIM', '_allow_sum_over_batch_size': True, '_name_scope': 'L3SSIM', 'max_val': 255, 'filter_size': 11, 'filter_sigma': 1.5, 'k1': 0.01, 'k2': 0.03, 'weight_for_edges': 3, 'weight_for_texture': 1, 'weight_for_smooth': 1, 'threshold_for_edges': 0.12, 'threshold_for_textures': 0.06, 'keep_padding': True}","{'name': 'rafael_cifar_10', 'parameters': {}}","{'loss': 0.17005510650277136, 'ssim_metric': 0.7903430573225021, 'three_ssim': 0.8299450504302979, 'psnrb': 24.833823136901856, 'val_loss': 0.1705774784386158, 'val_ssim_metric': 0.7901853040456772, 'val_three_ssim': 0.8294224425554275, 'val_psnrb': 25.43823379898071}",2023-04-22 12:36,1107.340406417847,0:18:27.340406,30
28,Conv-3.3-64x64,"{'name': 'Adam', 'learning_rate': 0.001, 'decay': 0.0, 'beta_1': 0.9, 'beta_2': 0.999, 'epsilon': 1e-07, 'amsgrad': False}","{'reduction': 'auto', 'name': 'L3SSIM', '_allow_sum_over_batch_size': True, '_name_scope': 'L3SSIM', 'max_val': 255, 'filter_size': 11, 'filter_sigma': 1.5, 'k1': 0.01, 'k2': 0.03, 'weight_for_edges': 3, 'weight_for_texture': 1, 'weight_for_smooth': 1, 'threshold_for_edges': 0.12, 'threshold_for_textures': 0.06, 'keep_padding': True}","{'name': 'rafael_cifar_10', 'parameters': {}}","{'loss': 0.1398222746551037, 'ssim_metric': 0.829957657456398, 'three_ssim': 0.860177377986908, 'psnrb': 26.110501486206054, 'val_loss': 0.13955290147662164, 'val_ssim_metric': 0.8302684018611908, 'val_three_ssim': 0.8604468138217926, 'val_psnrb': 26.659733051300048}",2023-04-22 13:11,2108.1405377388,0:35:08.140538,32
29,Unet2.1-64x64.json,"{'name': 'Adam', 'learning_rate': 0.001, 'decay': 0.0, 'beta_1': 0.9, 'beta_2': 0.999, 'epsilon': 1e-07, 'amsgrad': False}","{'reduction': 'auto', 'name': 'L3SSIM', '_allow_sum_over_batch_size': True, '_name_scope': 'L3SSIM', 'max_val': 255, 'filter_size': 11, 'filter_sigma': 1.5, 'k1': 0.01, 'k2': 0.03, 'weight_for_edges': 3, 'weight_for_texture': 1, 'weight_for_smooth': 1, 'threshold_for_edges': 0.12, 'threshold_for_textures': 0.06, 'keep_padding': True}","{'name': 'rafael_cifar_10', 'parameters': {}}","{'loss': 0.11496561976969243, 'ssim_metric': 0.8603992545604706, 'three_ssim': 0.8850341003656388, 'psnrb': 26.99849281387329, 'val_loss': 0.11837925447523594, 'val_ssim_metric': 0.8571221092939377, 'val_three_ssim': 0.8816207778453827, 'val_psnrb': 27.485529541015627}",2023-04-22 20:03,14183.878696680069,3:56:23.878697,55
